{"cameraMode":{"drawMode":0,"name":"Shaded","section":"Shading Mode"},"sceneLighting":true,"audioPlay":false,"sceneViewState":{"m_AlwaysRefresh":false,"showFog":true,"showSkybox":true,"showFlares":true,"showImageEffects":true,"showParticleSystems":true,"showVisualEffectGraphs":true,"m_FxEnabled":true},"in2DMode":false,"pivot":{"x":-7.005568027496338,"y":3.1559665203094484,"z":0.29828834533691409},"rotation":{"x":-0.14938732981681825,"y":0.5724186897277832,"z":-0.10700934380292893,"w":-0.7991065979003906},"size":16.116413116455079,"orthographic":false}